1.000000000000003109e+00,1.815964824729641644e-02,-5.318224975484715442e-03,-4.753913346119608037e-03,-5.419761363265818838e-03,-5.349624767932105451e-02,-1.485617533660527068e-02,-8.858311652911132067e-03,5.146018540651391138e-02,-7.140254288450635645e-02,-6.076957035837785015e-03,-7.081530016725712251e-02,1.327905956686344646e-01,-2.390210340288856025e-02,-9.039393903346465420e-02,-4.671631605892267308e-02,4.922290604824920701e-02,-1.106723296784227484e-01,-5.889736307267964127e-03,-3.140011685132645253e-02,1.292565146426561187e-02,1.208407482883559203e-01,1.157458430121315884e-01,-2.370477327187520741e-03,6.917592803336412334e-03,4.296217787763684758e-03,-4.563316085619037454e-03,1.280733412369949647e-04,6.605311623914534832e-04,4.274333110353291561e-03,9.321882847697202448e-03,8.935027512622421841e-03,-1.547205773189154997e-02,-2.015381592321422496e-03,-1.501258687649423273e-02,6.289075223413826375e-03,-5.996199371661065439e-03,-7.003786352159328821e-02,6.356824311917884385e-02,3.836482071188016679e-02,4.220759788492850495e-02,-6.506344693260471268e-02,-5.680429594243965874e-02,-7.222570150015447665e-02,-6.495086321317150579e-02,1.552959362225242272e-02,-6.658909371966299784e-02,3.418563663209670672e-02,-4.961912107862569143e-02,-2.506853955676323353e-02,-2.166171265995399386e-02,-1.709589503283794748e-02,-2.914563609500854871e-02,1.142456890264838786e-02,7.724480073290110327e-02,2.395986292379520457e-04,-1.469540622107042838e-01,4.054968016061601122e-02
1.815964824729641644e-02,1.000000000000000000e+00,-4.736685051296937211e-03,1.751175416266938234e-02,3.732512727321019930e-04,4.230650897707883829e-01,3.046821483469838721e-01,3.426003964591968765e-01,1.036985692824256428e-01,1.677891782875841620e-01,7.284478277796417600e-02,3.754829118297868529e-02,6.019978211504543181e-02,-6.105331447198427026e-03,3.342370254180480893e-02,2.540846409551689514e-02,5.598925272971052441e-02,-5.434541009197671468e-02,6.632240456130620112e-05,-3.545095798722530233e-03,-2.278607729590152731e-02,5.885964003231071440e-02,-9.646034692444062364e-02,-2.228585274695198473e-02,-3.049644371413294183e-02,-7.962356127726086252e-02,-3.068576198210513223e-02,2.565742609360385784e-02,-1.380924057432229325e-02,-2.483621802700139523e-03,-4.027066307031340608e-03,-1.689059716839819147e-02,-7.395241643433990431e-03,-1.594940673984708915e-02,3.453848773894203916e-02,3.639379148987148538e-02,5.202357515693994960e-02,2.621827258575552821e-02,-9.723607124772156579e-03,8.726643210995538302e-02,-1.401408640970208952e-01,4.126543664615408419e-02,1.278794026269400863e-01,2.193651033283670893e-02,1.339792028718207184e-01,1.250132694924707688e-01,9.895951927468853160e-02,1.010525142961160722e-01,1.351225358606889249e-01,-2.614927066533281885e-01,4.157055270891997778e-01,-1.303748051673338793e-01,-4.506025210255664715e-01,2.258704010650065264e-01,4.483805897659092453e-03,2.335771928137462053e-02,7.135970897701780259e-03,1.343931583315390033e-02
-5.318224975484715442e-03,-4.736685051296937211e-03,9.999999999999985567e-01,9.995717371218874048e-01,9.998515160178331751e-01,-4.351648231189874164e-03,6.620329468959310938e-03,1.880174128211726733e-02,-5.974974941666302527e-04,2.640691574408457823e-02,-3.679450987734660897e-03,-1.652872697924855387e-03,1.101618109840054628e-02,-2.640237185668965801e-04,-9.446716343163532497e-04,-2.327697597309611160e-03,-5.535055881817400880e-03,1.601274486471962726e-03,-5.519257715161762345e-04,-8.256481833877259103e-04,5.772020857641382710e-04,-1.624257401042927427e-03,8.049164266127665189e-04,4.562921430082879197e-03,-2.119784391691330837e-03,-2.082775458066403636e-03,1.035977726464856795e-03,-2.223835141036896478e-04,1.991943610496655324e-03,-2.141660822558631976e-03,1.053788112423843445e-02,-2.223703088442756642e-03,-2.248456912876066211e-03,-1.397929519765038530e-03,-2.562859877893159007e-03,-1.803104629995013223e-03,-3.185799572930039358e-03,-2.213112258078366121e-03,-8.270935054194211494e-04,-6.855198407041632885e-03,-3.688901511340036358e-03,-4.259536861770969220e-03,-1.799261772880131121e-04,5.231092398584178587e-04,1.409662956430348592e-05,-8.771672059694066636e-04,-6.670146968166117433e-04,-1.657192804559065027e-03,-4.873301580716758231e-04,9.193436917165294375e-03,-9.054210186661868290e-03,1.453088012011310732e-03,9.902346375454862751e-03,-7.314974395584675389e-03,-4.677776883237002442e-03,-2.333439348385240013e-03,-9.242452096406846007e-03,-4.216564558034951483e-03
-4.753913346119608037e-03,1.751175416266938234e-02,9.995717371218874048e-01,9.999999999999842348e-01,9.995323282505356177e-01,5.521031938445813275e-03,1.359762875162508905e-02,2.848623873381025615e-02,-8.991936548438507568e-04,3.155354336120316100e-02,-1.438862803594806320e-03,-3.141239171756334296e-04,1.090299790458580144e-02,-1.190681958609555355e-05,-7.794398216482162237e-05,6.133108398560744917e-05,-2.701849191113975864e-03,-3.522727644552235606e-04,-5.949523772356500985e-04,-8.917115510388269823e-04,-5.534264723773303770e-04,3.940213619392889653e-04,-2.938924220568470917e-03,3.284061820661610728e-03,-3.408030460963982957e-03,-5.415253411667500516e-03,3.389376734298352092e-04,1.699608893695650328e-04,1.614127263415547978e-03,-2.147046312737161365e-03,1.050106235001345249e-02,-2.516847617403227943e-03,-2.359616496618691193e-03,-1.963287269948941430e-03,-1.507802703864137041e-03,-1.337759594949836789e-03,-2.082446248234826741e-03,-1.030675065054175799e-03,-2.868826623036850078e-03,-3.285628439995376144e-03,-9.760810372306102586e-03,-1.072252965227769557e-03,2.565136062272693491e-03,8.309417691969852660e-04,1.534832886996545954e-03,1.035720951619145637e-03,2.421099693167057081e-03,1.244776851057697578e-03,2.284833031462991937e-03,9.035092978987980085e-04,2.061678444491824372e-03,-1.371693344004187116e-03,-1.213808196338094251e-03,-7.609244817008445306e-04,-5.389246719642817006e-03,-1.650247786785371748e-03,-8.510904592174109787e-03,-4.391397575680972519e-03
-5.419761363265818838e-03,3.732512727321019930e-04,9.998515160178331751e-01,9.995323282505356177e-01,1.000000000000001110e+00,-4.983489311205888984e-03,7.584491195011145749e-03,1.423006019598815897e-02,-9.626379852039318018e-04,3.418530064021481352e-02,-4.439673325776874978e-03,-4.166985499839297776e-04,1.055366962159928063e-02,1.840335022386779948e-03,-5.258951254098086963e-04,-9.208019155566126834e-04,-3.800648958156748174e-03,2.001183012637569938e-03,-6.152191931445392817e-04,-6.439968619710266517e-04,-8.934633570611731840e-05,-2.032028182974471905e-03,-2.005806513474220776e-03,2.509799693940583006e-03,-3.693842605873593615e-03,-5.943679813953457909e-03,9.888600546966879769e-04,-7.700205703646916780e-05,2.009245036511084301e-03,-2.042287960420015921e-03,1.050996539596709377e-02,-2.070362298239503910e-03,-2.283094295705440438e-03,-1.301415777206890636e-03,-2.622758739048516603e-03,-2.166669639292747619e-03,-3.501840111013663527e-03,3.418374494724778462e-04,-9.651368823882487420e-04,-4.964920473748339440e-03,-9.781299640124830122e-03,-2.097202128953434570e-03,5.498206165957442507e-03,2.042901416991361758e-03,5.002245735497721536e-03,2.589503441668822986e-03,5.258314858064251640e-03,1.708631018943381321e-03,4.671489009831354504e-03,8.380018585914573298e-03,-2.245411275995767147e-03,-1.972139338200572939e-03,4.318082528372786492e-03,-6.707537831958864175e-03,-5.859785994324422445e-03,-2.910348577770565433e-03,-8.572298545171202350e-03,-5.342387153748470209e-03
-5.349624767932105451e-02,4.230650897707883829e-01,-4.351648231189874164e-03,5.521031938445813275e-03,-4.983489311205888984e-03,1.000000000000000222e+00,3.964523674180854274e-01,3.426332233024279583e-01,1.145182480901749261e-01,2.225876679574379791e-01,1.258904865749305990e-01,5.290562640818302631e-02,-7.967693745324785914e-03,-5.836018847971055634e-02,5.046984727291348172e-02,-6.173420337121372087e-02,-3.156697623017563903e-02,-4.326302675873373860e-02,1.284391229077098268e-02,8.307025574207749924e-03,-2.014965498532000909e-02,5.126515972892656953e-02,-1.926860057688636538e-02,5.891955641319424758e-02,6.969196054666121354e-02,1.214186328285778577e-01,-4.803799069394474631e-03,8.039418516663866809e-02,2.523907696265174916e-02,-5.758717728193314678e-03,-1.069139803832025275e-02,-3.243744129649351465e-02,-1.277634821352000537e-02,-1.306282873039345217e-03,5.466147909551742623e-02,4.422029081112659188e-02,7.227930054573357410e-02,-2.009964691735382364e-02,-5.380332782070626485e-02,-1.253120668740836940e-02,1.237862327372523524e-01,-5.497721980036270051e-02,2.034639843121847091e-01,8.685943213775566829e-02,5.642803497169497640e-02,3.251500599079840126e-02,1.016628385000014761e-01,5.981740810678962128e-02,1.882355167335540425e-01,-8.216834448019535997e-02,2.867330720792415910e-01,-1.521458641625353658e-01,-2.635760812786872576e-01,5.494787954893276538e-02,4.394957415540735185e-02,3.904100488225963755e-02,9.443065964278463120e-03,5.652537067266632381e-02
-1.485617533660527068e-02,3.046821483469838721e-01,6.620329468959310938e-03,1.359762875162508905e-02,7.584491195011145749e-03,3.964523674180854274e-01,9.999999999999991118e-01,2.385861644895054534e-01,7.745802986311770000e-02,1.268792585407056139e-01,9.957849273984008265e-02,-4.766825560885204482e-02,2.459402410990412652e-02,-5.510448007323455466e-02,9.212598228258092603e-02,1.666681148515698763e-01,-1.188367064107047483e-01,-1.289572151580412225e-02,-1.232525516469633927e-03,-1.286291681867322324e-03,-2.590418717217716008e-02,2.567493330764177885e-03,-6.474713648917887476e-02,3.923949220415949568e-02,-1.362869334016016988e-02,-1.561533867345783581e-02,-3.122896994588230529e-02,1.301871491918423773e-01,2.215667873944201713e-02,1.212915290399217173e-02,1.209924381131932680e-03,-2.035292371154465846e-02,-1.445670931763871035e-02,-2.163140288646481571e-02,4.434097396176341771e-02,2.145543588286610848e-02,4.779751907679712780e-02,-2.169193802334428572e-02,-4.631458167240302091e-03,-8.504464404149875145e-02,-2.877536579283817078e-02,1.354409147183507911e-01,1.152849256374513381e-01,9.007039405194974813e-02,1.211402875726058093e-01,1.143276288411350719e-02,1.420877088687320100e-01,-1.018672405911117372e-02,9.806240440377864132e-02,-7.264793840657776669e-02,1.899224879925562326e-01,-5.822186496021369145e-02,-1.220706109294721758e-01,3.915270972518472559e-02,-1.123931590881364039e-02,2.622356614318721926e-02,8.961018743252195315e-03,-6.709372593248584711e-03
-8.858311652911132067e-03,3.426003964591968765e-01,1.880174128211726733e-02,2.848623873381025615e-02,1.423006019598815897e-02,3.426332233024279583e-01,2.385861644895054534e-01,1.000000000000003775e+00,-6.733605965807488991e-02,3.392414385044636299e-02,8.843209192217980907e-02,1.026025662434900017e-02,9.932688179343018842e-02,-1.425424073057221797e-01,-7.626357100596193976e-03,-6.291644984816713304e-03,-1.064801786325643984e-01,-4.384020450502858907e-02,1.894324609660339755e-03,-5.340011974527963078e-03,-5.284933191280813793e-04,5.133655017555901340e-02,2.217383229948879670e-03,8.102905995292135344e-02,6.437369514097752987e-02,1.452355302940172843e-01,7.141800445091700707e-03,3.506725665341288434e-02,2.089838872566543437e-02,-5.249425231023534776e-03,-3.766701412034766886e-03,-2.467369939914994953e-02,-5.823842100693462330e-03,-7.536689288168639186e-03,2.896986164046478143e-02,4.330644046143175552e-02,5.324162107647751468e-02,-1.504393231777556017e-01,5.008032711893042888e-02,-9.451508703010552681e-02,2.089238064254257954e-01,-2.278033979556972830e-02,8.046768991215209887e-02,2.108198644809670605e-02,-4.158214431738974787e-02,2.477163704681544648e-02,-2.173355044338920114e-02,4.002942431507169191e-02,9.644597656282563602e-02,-2.468254612293789910e-02,1.552324541114982193e-01,-7.249992913487544877e-02,-1.365219671192906548e-01,4.264396368860724068e-02,5.681462538831991843e-02,4.631046925891939975e-02,-1.375942597783822580e-02,6.330674376434526629e-02
5.146018540651391138e-02,1.036985692824256428e-01,-5.974974941666302527e-04,-8.991936548438507568e-04,-9.626379852039318018e-04,1.145182480901749261e-01,7.745802986311770000e-02,-6.733605965807488991e-02,9.999999999999997780e-01,-2.940255293120602135e-03,-2.225695405155354162e-02,-4.460239952988205581e-02,1.468156047734862357e-01,-6.465107866354265209e-02,-8.038472531146078140e-03,-9.319160737740532496e-02,-8.857975377196627975e-02,1.471285614224258735e-02,2.860396351981866255e-03,-6.536373891199040616e-03,4.341571146542733822e-02,-5.658455123790690974e-03,1.362278233209703315e-01,5.886588464369729018e-02,4.500248046293961468e-02,1.068153945634957858e-01,-3.075110098909125504e-03,7.829559965572156777e-02,3.449401846172601288e-02,9.453418530670694778e-03,6.739744480816592907e-03,-1.397121808491677336e-03,-3.663475204167442306e-03,3.473221375196281456e-03,-7.134911382772023136e-03,-1.457895517192219631e-02,-1.605385459750547847e-02,-7.048940669909609102e-02,1.187479849338047427e-02,-9.296217954664032224e-02,2.676733453776108385e-01,-1.274285523550050259e-01,8.205185134290703119e-02,-2.843351706589244271e-02,7.228969667044012060e-02,1.791669069234739509e-01,-4.345933597745716553e-02,7.406670459156584896e-02,9.744039958770803200e-02,-1.010345386182160375e-02,1.256591434543403718e-01,-1.159764368456490946e-01,-1.381904399906763725e-01,2.725129553215908940e-02,6.102810377941241676e-02,2.198018668405652201e-02,-2.198165883732075554e-02,5.523136363744406141e-02
-7.140254288450635645e-02,1.677891782875841620e-01,2.640691574408457823e-02,3.155354336120316100e-02,3.418530064021481352e-02,2.225876679574379791e-01,1.268792585407056139e-01,3.392414385044636299e-02,-2.940255293120602135e-03,9.999999999999994449e-01,-1.681410122257223291e-02,1.116052743912326548e-02,-3.936288627705156890e-02,7.167111217535757084e-02,2.492003534889647431e-02,1.913813985555923303e-02,7.991800127429028733e-02,3.365076087002113331e-02,-2.318473533156404590e-03,1.173577236388789226e-02,-4.236773428645526640e-02,-3.763741953494460085e-02,-1.574188800703013869e-01,-7.670619760428201706e-02,-4.639732842006492192e-02,-1.363931638002524593e-01,3.172146537239958070e-02,3.847088352171040837e-02,4.046825030816905006e-02,-5.626613426635478175e-04,-3.225410441745887868e-03,-4.061827720970452235e-03,2.534933232631816219e-03,2.643527412151952874e-03,-4.404448122822541244e-03,8.696501838098688250e-03,3.390335180193605226e-03,7.890148018094446380e-02,-2.201137430320047883e-02,9.912128998152362758e-02,-1.817143953313274940e-01,3.373759859047267134e-02,5.976287201040025865e-01,1.785371114235176360e-01,3.229291622151997943e-01,2.286554756761074170e-01,5.788940295047347862e-01,3.225047712952002765e-01,5.401170166098967496e-01,2.222068671519092098e-01,4.713826214423585403e-01,-3.245285478742685470e-01,-2.787843258459437035e-01,-1.946595558349174526e-01,-4.040619876832737128e-02,-1.671838328669240578e-02,2.658557461407462519e-02,-3.695269165342865425e-02
-6.076957035837785015e-03,7.284478277796417600e-02,-3.679450987734660897e-03,-1.438862803594806320e-03,-4.439673325776874978e-03,1.258904865749305990e-01,9.957849273984008265e-02,8.843209192217980907e-02,-2.225695405155354162e-02,-1.681410122257223291e-02,1.000000000000000444e+00,1.245777422607354523e-01,-7.285158411969160086e-02,-1.664915454051247301e-01,-8.774860968616148005e-02,1.379358522969293954e-01,1.793414789843548324e-02,1.067831066838788399e-03,7.749996002364979708e-02,7.512455129888001570e-02,-2.780416226077228048e-01,8.521276474264011247e-03,-3.322210663295845912e-01,-2.720420756981293264e-01,1.140361296030845545e-01,2.378297914991842066e-02,-5.289645190200637295e-03,1.047381408375439027e-02,3.138594480299789283e-03,-1.948980717880450728e-02,-9.555246231260099490e-03,-1.979141808494001842e-02,-1.420965490902185296e-02,-2.699576622216484038e-03,4.261666862390069838e-02,5.881651898883390878e-02,7.464658122644279858e-02,-1.548952363414183575e-01,-6.241536643765179665e-02,-1.964298206961670804e-02,2.272645934386320968e-02,1.842537239557874018e-01,3.860257215684646109e-02,8.342040311166673550e-02,5.046550780577543915e-02,-3.796862026019258429e-02,3.535825886333841817e-02,-7.087335324599530750e-02,3.370015331914405499e-02,-1.589012212143776567e-02,6.244034828253144237e-02,2.111360579422471781e-02,-2.655723537066018852e-03,2.803614729964968438e-02,1.601399025066800597e-02,3.170530879511741784e-02,-1.099167763772879516e-02,2.353271319888379509e-02
-7.081530016725712251e-02,3.754829118297868529e-02,-1.652872697924855387e-03,-3.141239171756334296e-04,-4.166985499839297776e-04,5.290562640818302631e-02,-4.766825560885204482e-02,1.026025662434900017e-02,-4.460239952988205581e-02,1.116052743912326548e-02,1.245777422607354523e-01,9.999999999999915623e-01,-1.100317533238939355e-01,-1.023683609773426983e-01,-5.898996437314880242e-02,-1.127633090668489491e-01,-1.228488455769209675e-01,4.916261384123936373e-02,2.789295285609713279e-02,3.738295750085546265e-02,-2.578954587451552996e-02,-5.312991505590899943e-02,-1.320909477605377580e-01,-1.004514781738905654e-02,3.916966540965809845e-02,5.073315238748253575e-02,6.845095230208653181e-03,-1.299233055531627198e-02,-3.722994803308628687e-03,-9.241912746811175097e-03,-1.656639073742838600e-02,-1.631964351035748067e-03,-7.790915877402204530e-03,1.012395164479269532e-03,2.437003880847503010e-02,2.891960031397195971e-02,3.914290578577366703e-02,-6.751404350273863646e-03,-8.124248487277388464e-02,-1.161517280111434430e-01,-6.313121823561988755e-02,2.456516059877718872e-01,6.042309904295362771e-02,7.865136999046533350e-02,6.415516565017460870e-02,-6.162274312272853979e-03,5.032555326039895444e-02,-3.187106445731444776e-02,6.571478354925475163e-02,-2.070623352485708758e-03,6.764139555242726365e-02,-6.528768545815754470e-03,-2.389025346941341110e-02,1.034467252575005554e-02,2.736036031470181346e-03,3.353639902898905567e-02,6.860954139614859441e-03,1.796554815018039722e-02
1.327905956686344646e-01,6.019978211504543181e-02,1.101618109840054628e-02,1.090299790458580144e-02,1.055366962159928063e-02,-7.967693745324785914e-03,2.459402410990412652e-02,9.932688179343018842e-02,1.468156047734862357e-01,-3.936288627705156890e-02,-7.285158411969160086e-02,-1.100317533238939355e-01,1.000000000000009104e+00,-2.014760618304329010e-01,-1.161009670951981543e-01,-2.219348557781980757e-01,-2.417846820145121423e-01,-3.459794749776522182e-02,-1.182463227640748182e-02,-1.950326015679357261e-02,-2.656486522633841156e-03,3.179857931171099078e-02,-5.266161450443234554e-02,5.836585667225081646e-03,-1.547172140756127327e-03,7.075473672523444578e-03,-3.055219407144042776e-02,-1.587869073560158398e-02,-2.619669505613439822e-02,3.038545276871842601e-02,-5.162602293401816374e-03,-4.814442234082138596e-03,-1.066788369296948341e-02,-8.049186513492300604e-03,-1.550705510284960953e-02,1.269029580481073963e-02,-1.538210683639022270e-03,-2.101712002723664929e-01,5.993837724655264321e-01,-2.080641099573711794e-01,2.090700760557329674e-01,-2.748592739179238076e-01,3.442760558602060705e-02,-3.790546356113622811e-02,2.271975441311883948e-02,1.049729386444153562e-01,-3.870210040554415698e-02,5.099215578157081930e-02,5.327515670747552667e-02,-1.264657362685115555e-02,7.693935872564924838e-02,-1.261141055694264268e-01,-1.054237861544439353e-01,-1.523578398273098787e-02,4.799797251961432365e-02,-1.193522526277069132e-02,-5.130044404063563435e-02,3.239550240862656277e-02
-2.390210340288856025e-02,-6.105331447198427026e-03,-2.640237185668965801e-04,-1.190681958609555355e-05,1.840335022386779948e-03,-5.836018847971055634e-02,-5.510448007323455466e-02,-1.425424073057221797e-01,-6.465107866354265209e-02,7.167111217535757084e-02,-1.664915454051247301e-01,-1.023683609773426983e-01,-2.014760618304329010e-01,9.999999999999996669e-01,-1.080148716201426162e-01,-2.064777370481383212e-01,-2.249450804841288398e-01,1.964011062903486815e-02,-1.253799137602076667e-02,2.476421313467504909e-03,4.963834743423275325e-02,-1.920134858121860799e-02,1.800323594454271703e-01,-3.320336167811295796e-03,-2.785826856962375642e-02,-6.045845510318368504e-02,-9.133039509562396532e-03,1.387657780202545404e-03,-3.871978655124340071e-03,1.878669865367829303e-02,2.745076811685260177e-03,1.725356257220625467e-02,1.553257023684007261e-02,-1.339349161830179907e-02,-4.141231740966101055e-02,-2.430044399715796180e-02,-4.784397441053848954e-02,7.746505220376578293e-01,-1.267848721859758943e-01,-2.079169561970802549e-01,-2.311793265367177996e-01,-1.692428711274466813e-01,-2.807794989657293530e-02,7.360305905476868804e-02,8.906008167551865418e-02,-7.514416812333056528e-02,1.264557190023926914e-01,-8.216107397498098597e-02,-2.237898204335619923e-03,-5.351456561072207019e-02,1.969674994316728336e-02,5.662113584841740876e-02,6.228279978385169169e-02,-7.708586906549137752e-03,-4.444480960371957612e-02,1.429553304682459891e-02,-2.488254556403448562e-03,-3.248994708576487256e-02
-9.039393903346465420e-02,3.342370254180480893e-02,-9.446716343163532497e-04,-7.794398216482162237e-05,-5.258951254098086963e-04,5.046984727291348172e-02,9.212598228258092603e-02,-7.626357100596193976e-03,-8.038472531146078140e-03,2.492003534889647431e-02,-8.774860968616148005e-02,-5.898996437314880242e-02,-1.161009670951981543e-01,-1.080148716201426162e-01,1.000000000000008882e+00,-1.189831920334649129e-01,-1.296250341119653537e-01,4.020165121539482495e-02,2.587344571090083312e-03,2.996326829104493245e-02,5.946164319772241635e-02,-3.941305482603073285e-02,-6.054370174277224487e-02,4.423116643188554353e-02,-1.007647300227599782e-02,1.663029337211482245e-02,1.649550663362223460e-02,3.292891513144666910e-02,2.417230402376594964e-02,-1.531373332212820557e-02,6.886713999001860438e-03,-5.410557782872397851e-03,1.032000789431184069e-02,-6.301125237904441241e-04,1.616476603997485384e-02,-9.903843993713115981e-03,4.102300205349187004e-03,1.956461723385009566e-01,-6.959023981222012267e-02,-1.857745854578510616e-02,-3.804433953155374193e-02,-6.806176862816670781e-02,3.397566629420760431e-02,6.703633797500384295e-02,1.010277283768788170e-01,-1.974133551106812406e-02,8.127074386507647519e-02,-6.013604661045078570e-02,1.006160191365305760e-02,-6.043074877092572544e-02,2.696898159138925305e-02,4.234523367068874014e-03,5.566025213427728885e-04,-1.133122892105987815e-02,-1.679342642129643889e-02,2.443634956413474543e-02,1.166903793947949262e-02,-3.180816414743239257e-03
-4.671631605892267308e-02,2.540846409551689514e-02,-2.327697597309611160e-03,6.133108398560744917e-05,-9.208019155566126834e-04,-6.173420337121372087e-02,1.666681148515698763e-01,-6.291644984816713304e-03,-9.319160737740532496e-02,1.913813985555923303e-02,1.379358522969293954e-01,-1.127633090668489491e-01,-2.219348557781980757e-01,-2.064777370481383212e-01,-1.189831920334649129e-01,1.000000000000009992e+00,-2.477870251269678747e-01,2.649480669377445377e-02,8.023768673865457437e-05,4.117408219059641439e-03,-5.429938244413372306e-02,-3.397153661256142876e-02,-1.616747232149680635e-01,-5.053040803375578871e-02,-8.391502892621990894e-02,-1.409576522673445798e-01,1.026687275688759234e-02,1.694253097481131926e-02,1.609435051352844925e-02,1.254162899280320692e-04,1.744393840356642592e-02,6.536355453424413237e-03,-6.135946454291307459e-03,-1.246844810040553635e-02,1.898655806034221447e-02,-2.846661542777712689e-02,-7.833997178667524014e-03,-2.004159372128820615e-01,-1.650202990433537464e-01,-1.794185277687873614e-01,-2.615833786426972618e-01,7.497371213874231000e-01,5.491403793240343112e-02,1.301742097978627610e-01,8.951825794334228314e-02,-9.585144634077172321e-02,1.615027823432086951e-01,-1.140823627160672538e-01,1.476120367797426752e-02,2.487887362443347641e-02,2.922516104039385096e-02,1.148336582973485676e-01,1.161224785182732588e-01,2.403114081912394867e-02,-4.303065293927412632e-02,2.683054063429858582e-02,7.187642455962461527e-03,-4.220663748741186605e-02
4.922290604824920701e-02,5.598925272971052441e-02,-5.535055881817400880e-03,-2.701849191113975864e-03,-3.800648958156748174e-03,-3.156697623017563903e-02,-1.188367064107047483e-01,-1.064801786325643984e-01,-8.857975377196627975e-02,7.991800127429028733e-02,1.793414789843548324e-02,-1.228488455769209675e-01,-2.417846820145121423e-01,-2.249450804841288398e-01,-1.296250341119653537e-01,-2.477870251269678747e-01,1.000000000000011102e+00,-7.713826599383659388e-02,-1.561276045677061595e-02,-3.647091381152607614e-02,-6.026548860303142935e-02,8.110725302536540837e-02,-1.183678180584103456e-01,-1.297126101353740790e-01,-7.767627411784783220e-02,-2.408831977395062829e-01,-3.158860178004769398e-02,-5.126370981753722994e-02,-4.873550729143995980e-02,-9.879014706453878233e-03,-3.937217624263268483e-03,-2.437859208435147734e-03,3.868475372095191590e-03,1.636844911109249998e-02,-6.209444043038636184e-04,-3.598172079526538742e-03,-3.147919237568148204e-03,-2.332840256697248926e-01,-2.058441980015286166e-01,8.366182756593840697e-01,-2.663772248078817850e-01,-1.757685545127284643e-01,-1.791944937322133280e-01,-2.291935449784706369e-01,-2.472273436746796615e-01,1.886122211810889113e-02,-1.605596800641557464e-01,1.928477132599629718e-01,-1.454996149810852124e-01,-5.068751329502040048e-02,-1.211091022273738244e-01,2.944742935751440416e-02,-6.938317984817241046e-02,7.406462647567781110e-02,-6.211453277029659048e-02,-8.096357112365244746e-02,5.314498340086894201e-02,-6.506766651575256188e-02
-1.106723296784227484e-01,-5.434541009197671468e-02,1.601274486471962726e-03,-3.522727644552235606e-04,2.001183012637569938e-03,-4.326302675873373860e-02,-1.289572151580412225e-02,-4.384020450502858907e-02,1.471285614224258735e-02,3.365076087002113331e-02,1.067831066838788399e-03,4.916261384123936373e-02,-3.459794749776522182e-02,1.964011062903486815e-02,4.020165121539482495e-02,2.649480669377445377e-02,-7.713826599383659388e-02,1.000000000000001998e+00,1.153358939636341292e-02,1.128287981027933096e-01,-6.243343318152736604e-02,-8.572262246429719346e-01,-5.027186137972675661e-01,-1.370941817149569919e-01,-7.356308040441350560e-02,-1.840183548052303775e-01,-2.534717373644116215e-02,-4.155887805521602668e-02,-3.951643742678535159e-02,1.143872558639168766e-03,-9.953347863994153541e-03,4.808042809297314278e-03,5.099657403654946769e-03,2.113410515780575396e-03,-1.225851306540551300e-02,7.141119628839035123e-03,-3.388640187372020732e-03,3.088983373696364831e-02,8.975894122005926082e-03,-7.374990097363871844e-02,-7.757379736736798315e-03,4.499770325065138160e-02,3.854729702540770492e-02,7.548567534226330311e-02,9.913790003978584231e-02,-2.023520039244798389e-03,8.163523443693235238e-02,-4.548431209883253834e-02,4.063352453814859239e-02,2.286567112251825309e-02,1.863999960087385152e-02,1.731203955797216629e-02,5.031592713167043485e-02,-2.717152749233907316e-02,-4.379003586516707833e-03,3.290152656787491414e-02,8.137412745847340603e-03,7.644546350122507702e-03
-5.889736307267964127e-03,6.632240456130620112e-05,-5.519257715161762345e-04,-5.949523772356500985e-04,-6.152191931445392817e-04,1.284391229077098268e-02,-1.232525516469633927e-03,1.894324609660339755e-03,2.860396351981866255e-03,-2.318473533156404590e-03,7.749996002364979708e-02,2.789295285609713279e-02,-1.182463227640748182e-02,-1.253799137602076667e-02,2.587344571090083312e-03,8.023768673865457437e-05,-1.561276045677061595e-02,1.153358939636341292e-02,1.000000000000000000e+00,9.405286635291771891e-01,-3.647477796262957317e-02,-5.424671082919753362e-03,-3.493644887686032929e-02,7.078655222270111708e-03,5.904677005659667577e-01,4.112607915558516569e-01,1.250695926281661548e-02,4.263499423448802866e-02,3.081911316787719346e-02,1.005035991988389825e-02,-4.057880318892826896e-03,1.089986435264681322e-03,1.161605317760446227e-03,-2.649878084046313354e-03,-5.028508282742440681e-03,-3.593263160930262792e-03,-6.292433299455389359e-03,-8.070720492429145831e-04,-5.896112152459741240e-03,-1.539742534925420993e-02,2.168199416630874413e-02,-1.887719638248956232e-03,9.137597673030337098e-03,8.904810499872050852e-03,8.054123391671779916e-03,-4.648477250881758653e-04,3.992018105437885808e-03,-8.305469743225834395e-03,8.192525741197697817e-03,3.920227224727328846e-03,1.066609979387652188e-02,-5.720115548703393928e-03,-3.675629205582174684e-03,-3.478594013681751641e-05,1.567988923669663345e-02,9.510535176454913697e-03,6.714385262156273917e-04,1.608469082685091978e-02
-3.140011685132645253e-02,-3.545095798722530233e-03,-8.256481833877259103e-04,-8.917115510388269823e-04,-6.439968619710266517e-04,8.307025574207749924e-03,-1.286291681867322324e-03,-5.340011974527963078e-03,-6.536373891199040616e-03,1.173577236388789226e-02,7.512455129888001570e-02,3.738295750085546265e-02,-1.950326015679357261e-02,2.476421313467504909e-03,2.996326829104493245e-02,4.117408219059641439e-03,-3.647091381152607614e-02,1.128287981027933096e-01,9.405286635291771891e-01,1.000000000000000222e+00,-6.295771533550685584e-02,-1.069332703903314724e-01,-1.291364573467924104e-01,-2.129542151727608496e-02,5.456856251685646697e-01,3.843173818974930933e-01,1.238027865858305938e-02,3.304355030082686828e-02,2.573758546825340859e-02,4.654783963591653528e-03,-4.773688068171706017e-03,8.498014548255870956e-04,1.529720994504101070e-03,4.529899761028772327e-04,-4.972439432730143757e-03,9.236328860705933855e-04,-2.857474073156477876e-03,2.349875598056695020e-02,-1.960270676981607993e-03,-3.187652799550503430e-02,5.294916055596387942e-03,5.839751810180387852e-03,2.193487382937914926e-02,2.677094218813827475e-02,3.302077601504310039e-02,1.882778839132882528e-04,2.642892016685838633e-02,-1.624956679522641251e-02,1.922110310736564395e-02,4.236899208224560558e-03,2.261394249206021001e-02,-3.738956499283170674e-03,1.290057952838326305e-03,-5.205644286800577801e-03,1.196295703684122601e-02,1.189381858061631242e-02,4.847448352677880684e-03,1.216454318095597231e-02
1.292565146426561187e-02,-2.278607729590152731e-02,5.772020857641382710e-04,-5.534264723773303770e-04,-8.934633570611731840e-05,-2.014965498532000909e-02,-2.590418717217716008e-02,-5.284933191280813793e-04,4.341571146542733822e-02,-4.236773428645526640e-02,-2.780416226077228048e-01,-2.578954587451552996e-02,-2.656486522633841156e-03,4.963834743423275325e-02,5.946164319772241635e-02,-5.429938244413372306e-02,-6.026548860303142935e-02,-6.243343318152736604e-02,-3.647477796262957317e-02,-6.295771533550685584e-02,1.000000000000000000e+00,6.586617604790133418e-02,4.114934992051529905e-01,3.530989418812888747e-01,2.839374156778862873e-02,1.722419885567039455e-01,1.657791720974381017e-02,2.435535648455860319e-02,2.277825322830803745e-02,-1.419361403676865953e-02,1.619752458310175637e-04,9.767358642791027293e-03,4.309478060514570184e-03,-2.109226816047876044e-03,7.953837634723967889e-03,-5.571889220102210771e-03,1.493364642001429295e-03,5.149996587418551736e-02,-1.350531477793609145e-02,-5.705087074222241206e-02,7.728068034399689090e-02,-5.980981523127592431e-02,-1.820169682810456047e-02,-1.445642060306367299e-02,-1.134459420730381946e-02,2.112027032407186571e-03,-2.964285099566647819e-02,-1.010824664885559207e-02,-1.067027655296250502e-02,1.038797377298888687e-03,-2.171259412848889139e-02,-4.083714284554717036e-03,3.445921258695106362e-03,-6.318211527322808475e-03,2.252876548095455317e-02,7.525010067145304453e-03,-1.106641889902306233e-02,2.118392927071326842e-02
1.208407482883559203e-01,5.885964003231071440e-02,-1.624257401042927427e-03,3.940213619392889653e-04,-2.032028182974471905e-03,5.126515972892656953e-02,2.567493330764177885e-03,5.133655017555901340e-02,-5.658455123790690974e-03,-3.763741953494460085e-02,8.521276474264011247e-03,-5.312991505590899943e-02,3.179857931171099078e-02,-1.920134858121860799e-02,-3.941305482603073285e-02,-3.397153661256142876e-02,8.110725302536540837e-02,-8.572262246429719346e-01,-5.424671082919753362e-03,-1.069332703903314724e-01,6.586617604790133418e-02,9.999999999999849010e-01,5.633527023635613862e-01,1.587268218603227199e-01,9.265785749198039711e-02,2.269983938246698252e-01,3.181835341568799158e-02,4.532727305547485513e-02,4.625923695400382951e-02,-7.960167207963728467e-03,8.301879344563334318e-03,-1.089100383196961279e-02,-4.211051529208043216e-03,3.009668853356198270e-03,1.638086070101163472e-02,2.449631106948142907e-03,1.354155464528214274e-02,-3.031545598437004191e-02,-4.307540317347929512e-03,7.196716201823373515e-02,1.047272151577540757e-02,-5.010224747914125004e-02,-4.085910987485889129e-02,-8.449769470553519790e-02,-1.073782931876346991e-01,7.287172074284409100e-03,-8.931821833169338587e-02,5.049979377120220742e-02,-4.428648198680385645e-02,-2.416322498924186254e-02,-1.999046361163773350e-02,-1.859960330045052831e-02,-5.469888305227012942e-02,2.852342037481234854e-02,5.109749235556339426e-03,-2.977126253284655480e-02,-1.049083614154264384e-02,-6.090603718827414248e-03
1.157458430121315884e-01,-9.646034692444062364e-02,8.049164266127665189e-04,-2.938924220568470917e-03,-2.005806513474220776e-03,-1.926860057688636538e-02,-6.474713648917887476e-02,2.217383229948879670e-03,1.362278233209703315e-01,-1.574188800703013869e-01,-3.322210663295845912e-01,-1.320909477605377580e-01,-5.266161450443234554e-02,1.800323594454271703e-01,-6.054370174277224487e-02,-1.616747232149680635e-01,-1.183678180584103456e-01,-5.027186137972675661e-01,-3.493644887686032929e-02,-1.291364573467924104e-01,4.114934992051529905e-01,5.633527023635613862e-01,1.000000000000000444e+00,4.076765872222259390e-01,1.395298821709303194e-01,4.273080611372684912e-01,5.333581473754517299e-02,9.040918074132356375e-02,8.699128448743681519e-02,-1.630689363509294767e-03,9.661036656600533942e-03,6.040605898499400855e-03,8.494053561903984820e-03,4.005362792387143905e-03,-1.139370008086168160e-02,-2.941558092381296730e-02,-3.024703845897380380e-02,1.152419919670473053e-01,-7.962806450012456516e-02,-1.198669504251125145e-01,2.959628035566538307e-01,-2.295073662547533200e-01,-6.410575146701139038e-02,-8.543746439059378417e-02,-1.105727033180857882e-01,3.378243597618537947e-03,-1.529271026377316545e-01,-1.372012801272092658e-03,-6.841242735984343071e-02,6.972485265787691823e-03,-9.796666946705104295e-02,-2.148458295744044497e-02,1.425826273222796474e-02,-2.297184830459155988e-02,4.723517867682269777e-02,-1.071294179436869075e-02,-1.509608008009291104e-02,3.518784429815878523e-02
-2.370477327187520741e-03,-2.228585274695198473e-02,4.562921430082879197e-03,3.284061820661610728e-03,2.509799693940583006e-03,5.891955641319424758e-02,3.923949220415949568e-02,8.102905995292135344e-02,5.886588464369729018e-02,-7.670619760428201706e-02,-2.720420756981293264e-01,-1.004514781738905654e-02,5.836585667225081646e-03,-3.320336167811295796e-03,4.423116643188554353e-02,-5.053040803375578871e-02,-1.297126101353740790e-01,-1.370941817149569919e-01,7.078655222270111708e-03,-2.129542151727608496e-02,3.530989418812888747e-01,1.587268218603227199e-01,4.076765872222259390e-01,9.999999999999980016e-01,9.303039433275146763e-02,4.515686904659675927e-01,3.543226139194680102e-02,5.272135332473786712e-02,5.235872371318137791e-02,-1.672975172647933259e-02,-2.770896705103517363e-03,-9.486533110161282992e-03,-8.802241620871504094e-03,-1.330343015858100747e-03,3.384764243055625454e-02,2.664382632433396486e-02,4.420202398360394830e-02,3.433804183222889488e-03,-1.284153831747071768e-02,-1.250982371371042734e-01,1.811547218485167199e-01,-5.633052487654407331e-02,1.155680644857912456e-02,-2.656825565725373477e-03,-7.013510837262072750e-03,1.713049998041678290e-02,-5.984821232715111655e-02,-1.066434280269026001e-02,9.913448595090221943e-03,1.588429904976383297e-02,-1.218126570049883096e-02,-2.003129427335573892e-02,-4.458059739747778985e-03,-9.388477902193948996e-03,4.534233667834358661e-02,2.497283409458759401e-02,-1.683356852128502570e-02,5.476948104046026888e-02
6.917592803336412334e-03,-3.049644371413294183e-02,-2.119784391691330837e-03,-3.408030460963982957e-03,-3.693842605873593615e-03,6.969196054666121354e-02,-1.362869334016016988e-02,6.437369514097752987e-02,4.500248046293961468e-02,-4.639732842006492192e-02,1.140361296030845545e-01,3.916966540965809845e-02,-1.547172140756127327e-03,-2.785826856962375642e-02,-1.007647300227599782e-02,-8.391502892621990894e-02,-7.767627411784783220e-02,-7.356308040441350560e-02,5.904677005659667577e-01,5.456856251685646697e-01,2.839374156778862873e-02,9.265785749198039711e-02,1.395298821709303194e-01,9.303039433275146763e-02,9.999999999999997780e-01,8.118643951010857673e-01,8.063890214618066321e-02,1.867540228859614349e-01,1.604167105089250589e-01,-5.713865168934274819e-03,-5.069294720202505503e-03,-5.482782608914596109e-03,-1.178870203823759473e-05,-1.558272171499424340e-03,1.464322957253725958e-02,1.291427463089549373e-02,2.016566491445702727e-02,-1.573226249942160856e-02,-1.683864469147660367e-03,-1.012588705065609190e-01,1.973779456842041646e-01,-8.706697340406244212e-02,3.874264776092575108e-02,9.864059698537661416e-03,-4.482258452566867044e-03,1.341358231016884575e-02,-3.846376684632397264e-02,-7.434467354094240199e-03,3.064219024447574838e-02,2.107074963823878100e-02,8.247397358416137109e-03,-4.760959899902439396e-02,-2.398701857091628184e-02,-2.416796134046985886e-02,4.993521883473029527e-02,1.894925988229512887e-02,-1.242633282735388332e-02,5.162800057415763838e-02
4.296217787763684758e-03,-7.962356127726086252e-02,-2.082775458066403636e-03,-5.415253411667500516e-03,-5.943679813953457909e-03,1.214186328285778577e-01,-1.561533867345783581e-02,1.452355302940172843e-01,1.068153945634957858e-01,-1.363931638002524593e-01,2.378297914991842066e-02,5.073315238748253575e-02,7.075473672523444578e-03,-6.045845510318368504e-02,1.663029337211482245e-02,-1.409576522673445798e-01,-2.408831977395062829e-01,-1.840183548052303775e-01,4.112607915558516569e-01,3.843173818974930933e-01,1.722419885567039455e-01,2.269983938246698252e-01,4.273080611372684912e-01,4.515686904659675927e-01,8.118643951010857673e-01,9.999999999999997780e-01,9.991558403184484793e-02,1.832285281904295349e-01,1.685813185504421163e-01,-2.054596263265305242e-02,-3.914678220287165673e-03,-1.405443058759986950e-02,-4.055954554533435300e-03,3.330393513414554429e-03,3.111604259169462039e-02,2.996350039444971650e-02,4.474599175700083586e-02,-3.712891791257514479e-02,9.465107471043071249e-03,-2.716680391854399135e-01,4.360972258954590175e-01,-1.535126803946018914e-01,6.551486354277874513e-02,1.421836699985547930e-02,-9.309597919278459963e-03,2.928711416786401039e-02,-1.008427093368204214e-01,-3.019185640974341583e-02,4.370614308522337288e-02,5.000400306246822330e-02,-5.528036325676837122e-03,-7.283508871994068268e-02,-2.025270741061377736e-02,-4.669740411872580488e-02,9.776058783487034942e-02,3.567792757024963735e-02,-2.386539917373260364e-02,9.867075689471355160e-02
-4.563316085619037454e-03,-3.068576198210513223e-02,1.035977726464856795e-03,3.389376734298352092e-04,9.888600546966879769e-04,-4.803799069394474631e-03,-3.122896994588230529e-02,7.141800445091700707e-03,-3.075110098909125504e-03,3.172146537239958070e-02,-5.289645190200637295e-03,6.845095230208653181e-03,-3.055219407144042776e-02,-9.133039509562396532e-03,1.649550663362223460e-02,1.026687275688759234e-02,-3.158860178004769398e-02,-2.534717373644116215e-02,1.250695926281661548e-02,1.238027865858305938e-02,1.657791720974381017e-02,3.181835341568799158e-02,5.333581473754517299e-02,3.543226139194680102e-02,8.063890214618066321e-02,9.991558403184484793e-02,9.999999999999996669e-01,4.804759455399331691e-01,8.189071252672892598e-01,-2.235664597001263583e-03,7.153958771824444826e-04,-2.823867177436877995e-03,2.400184047097580261e-03,1.548948929332814558e-03,-4.158747193914088744e-03,4.691314498787176740e-03,5.555235312345510731e-04,1.849751255352157777e-03,-1.265617274083766751e-02,-3.917751475326906180e-02,3.564674868745865838e-02,9.784336155912839311e-03,5.689247901896005849e-02,6.211864646499174608e-03,2.193380268020544543e-03,1.307973536405865160e-02,2.105071327043599172e-02,1.311063752043122033e-02,3.380763827741202487e-02,2.910161518358409319e-02,5.626033139417490475e-03,-4.012766340597406778e-02,-1.139025257215450088e-02,-4.671762330122478796e-02,5.463931661933953826e-03,5.701158380779001002e-04,2.361379061124527137e-03,5.260867983682091312e-03
1.280733412369949647e-04,2.565742609360385784e-02,-2.223835141036896478e-04,1.699608893695650328e-04,-7.700205703646916780e-05,8.039418516663866809e-02,1.301871491918423773e-01,3.506725665341288434e-02,7.829559965572156777e-02,3.847088352171040837e-02,1.047381408375439027e-02,-1.299233055531627198e-02,-1.587869073560158398e-02,1.387657780202545404e-03,3.292891513144666910e-02,1.694253097481131926e-02,-5.126370981753722994e-02,-4.155887805521602668e-02,4.263499423448802866e-02,3.304355030082686828e-02,2.435535648455860319e-02,4.532727305547485513e-02,9.040918074132356375e-02,5.272135332473786712e-02,1.867540228859614349e-01,1.832285281904295349e-01,4.804759455399331691e-01,9.999999999999997780e-01,8.534802286627791723e-01,-2.795592334018812564e-03,-5.250920750105960519e-06,1.044801963664140389e-03,-2.050817495851734590e-03,4.321595476337277905e-03,1.103065427385887176e-03,-1.377553239758053582e-03,-2.474827938321206297e-04,1.383602628731602641e-02,-2.065900421583896293e-02,-4.440868385007940011e-02,4.360168038529575740e-02,1.956009178635863786e-03,6.437929183436236213e-02,7.375336099204812465e-03,1.980226271085569131e-02,2.123221279194071817e-02,2.602205825659346938e-02,1.627526510067939247e-02,4.242852498701111391e-02,-2.418256165158254832e-03,3.986851373566070722e-02,-5.377436432721595383e-02,-4.710798840171381147e-02,-2.255746670456332259e-02,1.375388071635115506e-02,4.789242267432372233e-03,-4.934772660110581244e-03,8.719741808645500858e-03
6.605311623914534832e-04,-1.380924057432229325e-02,1.991943610496655324e-03,1.614127263415547978e-03,2.009245036511084301e-03,2.523907696265174916e-02,2.215667873944201713e-02,2.089838872566543437e-02,3.449401846172601288e-02,4.046825030816905006e-02,3.138594480299789283e-03,-3.722994803308628687e-03,-2.619669505613439822e-02,-3.871978655124340071e-03,2.417230402376594964e-02,1.609435051352844925e-02,-4.873550729143995980e-02,-3.951643742678535159e-02,3.081911316787719346e-02,2.573758546825340859e-02,2.277825322830803745e-02,4.625923695400382951e-02,8.699128448743681519e-02,5.235872371318137791e-02,1.604167105089250589e-01,1.685813185504421163e-01,8.189071252672892598e-01,8.534802286627791723e-01,1.000000000000000222e+00,-9.372980304708676200e-04,3.750925351953318925e-04,2.052076608835108965e-03,5.427356354869861268e-05,3.244440623689707429e-03,-5.498499336558398780e-03,-1.701444957840544383e-03,-5.206239732457919496e-03,7.668853001759500312e-03,-1.769121495711082487e-02,-4.881033978586727523e-02,4.705973952986895747e-02,6.050258765091879806e-03,7.111462294805166728e-02,6.048702522591023825e-03,9.908858454992629933e-03,2.096277672161700120e-02,2.572362071666413688e-02,1.903347079464879146e-02,4.394632665776274094e-02,1.842337775135649905e-02,2.256219377150283853e-02,-5.409300154223024848e-02,-2.905212235060945433e-02,-4.374845867743638178e-02,1.017505411796076203e-02,9.303080448922556277e-04,-1.442452734226007567e-03,6.896541841269002333e-03
4.274333110353291561e-03,-2.483621802700139523e-03,-2.141660822558631976e-03,-2.147046312737161365e-03,-2.042287960420015921e-03,-5.758717728193314678e-03,1.212915290399217173e-02,-5.249425231023534776e-03,9.453418530670694778e-03,-5.626613426635478175e-04,-1.948980717880450728e-02,-9.241912746811175097e-03,3.038545276871842601e-02,1.878669865367829303e-02,-1.531373332212820557e-02,1.254162899280320692e-04,-9.879014706453878233e-03,1.143872558639168766e-03,1.005035991988389825e-02,4.654783963591653528e-03,-1.419361403676865953e-02,-7.960167207963728467e-03,-1.630689363509294767e-03,-1.672975172647933259e-02,-5.713865168934274819e-03,-2.054596263265305242e-02,-2.235664597001263583e-03,-2.795592334018812564e-03,-9.372980304708676200e-04,9.999999999999946709e-01,-2.151072597512231066e-01,-2.159118632157326911e-01,-2.129040470377834005e-01,-1.841726121786181614e-01,-1.154129350329393261e-01,-1.223792157435915351e-01,-1.744168720439588649e-01,8.436426351858690095e-03,2.396620143669618563e-02,-1.568020843174651111e-02,-8.534483360926152506e-03,-1.830619955197925223e-03,-8.127851233104457784e-03,-9.748138287462886770e-03,-7.817009068280166006e-03,8.675393598178531007e-03,-3.687763177715888598e-03,8.065873323234641623e-03,2.688949836208615746e-03,-1.221480604404952784e-03,6.409255975095807037e-03,4.643407555736524619e-04,1.443081179133850686e-03,8.134729135495611524e-03,-9.641676613689694614e-03,-1.004690002735414769e-02,-2.392703789340481363e-03,-1.028199637818441071e-02
9.321882847697202448e-03,-4.027066307031340608e-03,1.053788112423843445e-02,1.050106235001345249e-02,1.050996539596709377e-02,-1.069139803832025275e-02,1.209924381131932680e-03,-3.766701412034766886e-03,6.739744480816592907e-03,-3.225410441745887868e-03,-9.555246231260099490e-03,-1.656639073742838600e-02,-5.162602293401816374e-03,2.745076811685260177e-03,6.886713999001860438e-03,1.744393840356642592e-02,-3.937217624263268483e-03,-9.953347863994153541e-03,-4.057880318892826896e-03,-4.773688068171706017e-03,1.619752458310175637e-04,8.301879344563334318e-03,9.661036656600533942e-03,-2.770896705103517363e-03,-5.069294720202505503e-03,-3.914678220287165673e-03,7.153958771824444826e-04,-5.250920750105960519e-06,3.750925351953318925e-04,-2.151072597512231066e-01,9.999999999999893419e-01,-2.299758825249501593e-01,-2.267721438804191636e-01,-1.961692071564556661e-01,-1.229306773314029072e-01,-1.303507260980064364e-01,-1.857779997733296218e-01,-1.372244233520289371e-03,-1.110867264107392831e-02,5.806810661106138289e-04,-6.359131672161851857e-03,1.543014938863291989e-02,-7.465739410761420419e-03,1.969457187962043478e-03,-2.994699013968389134e-04,-1.174709325362219108e-02,1.065318543306380435e-02,-1.335730218693818167e-02,-1.377172990112479796e-02,-5.404072855980567025e-03,-6.945464117213678151e-03,1.139520823683452463e-02,1.329574014859294384e-02,-3.600049457768587165e-04,-3.977390459572823292e-03,3.275262117107666151e-03,1.158356747893254587e-02,-2.878800567025122104e-03
8.935027512622421841e-03,-1.689059716839819147e-02,-2.223703088442756642e-03,-2.516847617403227943e-03,-2.070362298239503910e-03,-3.243744129649351465e-02,-2.035292371154465846e-02,-2.467369939914994953e-02,-1.397121808491677336e-03,-4.061827720970452235e-03,-1.979141808494001842e-02,-1.631964351035748067e-03,-4.814442234082138596e-03,1.725356257220625467e-02,-5.410557782872397851e-03,6.536355453424413237e-03,-2.437859208435147734e-03,4.808042809297314278e-03,1.089986435264681322e-03,8.498014548255870956e-04,9.767358642791027293e-03,-1.089100383196961279e-02,6.040605898499400855e-03,-9.486533110161282992e-03,-5.482782608914596109e-03,-1.405443058759986950e-02,-2.823867177436877995e-03,1.044801963664140389e-03,2.052076608835108965e-03,-2.159118632157326911e-01,-2.299758825249501593e-01,9.999999999999862332e-01,-2.276203795598255863e-01,-1.969029732966162960e-01,-1.233904965350375166e-01,-1.308382998132814057e-01,-1.864728978554296424e-01,1.325375948010206612e-02,-8.764867521130856320e-03,1.337299494676983096e-03,-1.329993358070042341e-02,6.919918023769395035e-03,-7.919370931642414485e-03,-9.369893884925927744e-05,-5.110404897696288647e-03,-1.621547106710394953e-02,6.398379718457445492e-03,-1.092733257046781155e-02,-7.413033855017995936e-03,-1.552482589340531665e-03,-1.195285672205857394e-02,9.807985462176611186e-03,1.207257959369288473e-02,1.698855683609995634e-03,-1.082508750921217476e-02,-1.384477749772142913e-02,8.070563434999965952e-03,-1.198875791902119514e-02
-1.547205773189154997e-02,-7.395241643433990431e-03,-2.248456912876066211e-03,-2.359616496618691193e-03,-2.283094295705440438e-03,-1.277634821352000537e-02,-1.445670931763871035e-02,-5.823842100693462330e-03,-3.663475204167442306e-03,2.534933232631816219e-03,-1.420965490902185296e-02,-7.790915877402204530e-03,-1.066788369296948341e-02,1.553257023684007261e-02,1.032000789431184069e-02,-6.135946454291307459e-03,3.868475372095191590e-03,5.099657403654946769e-03,1.161605317760446227e-03,1.529720994504101070e-03,4.309478060514570184e-03,-4.211051529208043216e-03,8.494053561903984820e-03,-8.802241620871504094e-03,-1.178870203823759473e-05,-4.055954554533435300e-03,2.400184047097580261e-03,-2.050817495851734590e-03,5.427356354869861268e-05,-2.129040470377834005e-01,-2.267721438804191636e-01,-2.276203795598255863e-01,1.000000000000007772e+00,-1.941599653870598186e-01,-1.216715732384875265e-01,-1.290156229625877282e-01,-1.838751888154290526e-01,1.928195788461229895e-02,-8.508493820771786259e-03,1.731670062699579944e-03,-6.350731714398409437e-03,-6.235638166496148410e-03,-3.718880066365169365e-03,1.594723558572631655e-03,-3.195343746281327762e-03,-2.279792851324098125e-03,1.252773368071025692e-03,-5.233639350703832077e-04,-7.546988420863606252e-03,4.012317966668591147e-03,-1.084174884077454201e-02,8.961966648633998972e-03,7.553352824102429683e-03,-6.263035148891864462e-04,3.116459331901439301e-03,-2.120415290600289118e-03,4.393799700649721716e-03,-4.450170211881340418e-03
-2.015381592321422496e-03,-1.594940673984708915e-02,-1.397929519765038530e-03,-1.963287269948941430e-03,-1.301415777206890636e-03,-1.306282873039345217e-03,-2.163140288646481571e-02,-7.536689288168639186e-03,3.473221375196281456e-03,2.643527412151952874e-03,-2.699576622216484038e-03,1.012395164479269532e-03,-8.049186513492300604e-03,-1.339349161830179907e-02,-6.301125237904441241e-04,-1.246844810040553635e-02,1.636844911109249998e-02,2.113410515780575396e-03,-2.649878084046313354e-03,4.529899761028772327e-04,-2.109226816047876044e-03,3.009668853356198270e-03,4.005362792387143905e-03,-1.330343015858100747e-03,-1.558272171499424340e-03,3.330393513414554429e-03,1.548948929332814558e-03,4.321595476337277905e-03,3.244440623689707429e-03,-1.841726121786181614e-01,-1.961692071564556661e-01,-1.969029732966162960e-01,-1.941599653870598186e-01,1.000000000000013101e+00,-1.052519751643696683e-01,-1.116049442153366766e-01,-1.590612029698288687e-01,-1.580289628947615863e-02,-6.615776045548465469e-03,1.940522527430894179e-02,1.172404895256208210e-02,-1.146776270838765696e-02,1.049882970230138837e-02,-1.453505180273760231e-02,-1.551549373455234082e-02,1.344561259578478524e-02,-1.434867076853628062e-02,2.049399021618485833e-02,2.150579831156730799e-03,1.420645469111410375e-02,-1.056285269983978960e-02,-9.266946078477547241e-03,-1.031852292998896182e-03,-1.238189002579202606e-02,2.655332585679815675e-04,-6.281239497714705480e-03,9.530173292460666218e-03,-2.682537269080258538e-03
-1.501258687649423273e-02,3.453848773894203916e-02,-2.562859877893159007e-03,-1.507802703864137041e-03,-2.622758739048516603e-03,5.466147909551742623e-02,4.434097396176341771e-02,2.896986164046478143e-02,-7.134911382772023136e-03,-4.404448122822541244e-03,4.261666862390069838e-02,2.437003880847503010e-02,-1.550705510284960953e-02,-4.141231740966101055e-02,1.616476603997485384e-02,1.898655806034221447e-02,-6.209444043038636184e-04,-1.225851306540551300e-02,-5.028508282742440681e-03,-4.972439432730143757e-03,7.953837634723967889e-03,1.638086070101163472e-02,-1.139370008086168160e-02,3.384764243055625454e-02,1.464322957253725958e-02,3.111604259169462039e-02,-4.158747193914088744e-03,1.103065427385887176e-03,-5.498499336558398780e-03,-1.154129350329393261e-01,-1.229306773314029072e-01,-1.233904965350375166e-01,-1.216715732384875265e-01,-1.052519751643696683e-01,9.999999999999890088e-01,-6.993794584173744500e-02,6.617074006684946497e-01,-1.966462626083716192e-02,-4.877998133173210883e-03,3.366491256594357408e-03,2.373592202916410560e-03,1.590342508002570363e-02,1.511390117939576290e-02,1.460078328718061348e-02,2.268010182427582927e-02,8.054536244271026310e-03,-1.163492757169670841e-03,-5.700129381084151174e-03,1.248776419553597472e-02,-1.954907233000222413e-02,2.597886612086012376e-02,-1.547833751683481626e-02,-2.965269677719257688e-02,7.978585343574899277e-03,7.701430983785240332e-03,2.516382115560909100e-02,-1.994601631496830188e-02,1.546272470155947432e-02
6.289075223413826375e-03,3.639379148987148538e-02,-1.803104629995013223e-03,-1.337759594949836789e-03,-2.166669639292747619e-03,4.422029081112659188e-02,2.145543588286610848e-02,4.330644046143175552e-02,-1.457895517192219631e-02,8.696501838098688250e-03,5.881651898883390878e-02,2.891960031397195971e-02,1.269029580481073963e-02,-2.430044399715796180e-02,-9.903843993713115981e-03,-2.846661542777712689e-02,-3.598172079526538742e-03,7.141119628839035123e-03,-3.593263160930262792e-03,9.236328860705933855e-04,-5.571889220102210771e-03,2.449631106948142907e-03,-2.941558092381296730e-02,2.664382632433396486e-02,1.291427463089549373e-02,2.996350039444971650e-02,4.691314498787176740e-03,-1.377553239758053582e-03,-1.701444957840544383e-03,-1.223792157435915351e-01,-1.303507260980064364e-01,-1.308382998132814057e-01,-1.290156229625877282e-01,-1.116049442153366766e-01,-6.993794584173744500e-02,9.999999999999851230e-01,7.016478068288473091e-01,-1.960802864135945470e-02,2.199279520142915362e-02,-1.252676121039913819e-02,3.404233754657481209e-02,-2.138196281728969167e-02,1.242963446617711791e-02,1.530331661297099077e-02,2.465435328754797539e-02,7.432846508986266226e-03,-1.724131171637427636e-03,3.298467501753276753e-03,2.527712061872668808e-02,5.284883997486869781e-03,2.609828123094482324e-02,-1.943229939428355035e-02,-2.305975537902319947e-02,-3.548580187905501452e-03,2.455365304113127714e-02,1.911832361695858448e-02,-2.763202728213078399e-02,3.385465128167298998e-02
-5.996199371661065439e-03,5.202357515693994960e-02,-3.185799572930039358e-03,-2.082446248234826741e-03,-3.501840111013663527e-03,7.227930054573357410e-02,4.779751907679712780e-02,5.324162107647751468e-02,-1.605385459750547847e-02,3.390335180193605226e-03,7.464658122644279858e-02,3.914290578577366703e-02,-1.538210683639022270e-03,-4.784397441053848954e-02,4.102300205349187004e-03,-7.833997178667524014e-03,-3.147919237568148204e-03,-3.388640187372020732e-03,-6.292433299455389359e-03,-2.857474073156477876e-03,1.493364642001429295e-03,1.354155464528214274e-02,-3.024703845897380380e-02,4.420202398360394830e-02,2.016566491445702727e-02,4.474599175700083586e-02,5.555235312345510731e-04,-2.474827938321206297e-04,-5.206239732457919496e-03,-1.744168720439588649e-01,-1.857779997733296218e-01,-1.864728978554296424e-01,-1.838751888154290526e-01,-1.590612029698288687e-01,6.617074006684946497e-01,7.016478068288473091e-01,1.000000000000001332e+00,-2.878335554457938511e-02,1.304561973919020346e-02,-7.010552545884190037e-03,2.728170172629426626e-02,-4.711352397328777766e-03,2.013759610512064549e-02,2.193095682066504085e-02,3.473005881610794626e-02,1.133968397929846668e-02,-2.126912847116520060e-03,-1.592311467362788127e-03,2.791802137232285083e-02,-9.991240907576880159e-03,3.817153687548181795e-02,-2.566112421090425977e-02,-3.851189080870530412e-02,3.031765568059367408e-03,2.395551296403631431e-02,3.234321809557637317e-02,-3.501520300010237813e-02,3.648984941962568618e-02
-7.003786352159328821e-02,2.621827258575552821e-02,-2.213112258078366121e-03,-1.030675065054175799e-03,3.418374494724778462e-04,-2.009964691735382364e-02,-2.169193802334428572e-02,-1.504393231777556017e-01,-7.048940669909609102e-02,7.890148018094446380e-02,-1.548952363414183575e-01,-6.751404350273863646e-03,-2.101712002723664929e-01,7.746505220376578293e-01,1.956461723385009566e-01,-2.004159372128820615e-01,-2.332840256697248926e-01,3.088983373696364831e-02,-8.070720492429145831e-04,2.349875598056695020e-02,5.149996587418551736e-02,-3.031545598437004191e-02,1.152419919670473053e-01,3.433804183222889488e-03,-1.573226249942160856e-02,-3.712891791257514479e-02,1.849751255352157777e-03,1.383602628731602641e-02,7.668853001759500312e-03,8.436426351858690095e-03,-1.372244233520289371e-03,1.325375948010206612e-02,1.928195788461229895e-02,-1.580289628947615863e-02,-1.966462626083716192e-02,-1.960802864135945470e-02,-2.878335554457938511e-02,9.999999999999994449e-01,-1.793422038926838491e-01,-2.555546940022790925e-01,-2.745883277362831110e-01,-2.434258857329664461e-01,-7.759939716913445695e-03,1.070992535631305337e-01,1.469315717073171323e-01,-7.761623700155281802e-02,1.617334888699707429e-01,-1.136819845999414991e-01,6.286809511289733615e-03,-1.040099878339015155e-01,5.327059226145672982e-02,4.102648010072437734e-02,3.922618591313931785e-02,-8.737815342832293275e-03,-4.881246602765940135e-02,2.798194235440042490e-02,1.336704639773324786e-03,-2.802294820596656216e-02
6.356824311917884385e-02,-9.723607124772156579e-03,-8.270935054194211494e-04,-2.868826623036850078e-03,-9.651368823882487420e-04,-5.380332782070626485e-02,-4.631458167240302091e-03,5.008032711893042888e-02,1.187479849338047427e-02,-2.201137430320047883e-02,-6.241536643765179665e-02,-8.124248487277388464e-02,5.993837724655264321e-01,-1.267848721859758943e-01,-6.959023981222012267e-02,-1.650202990433537464e-01,-2.058441980015286166e-01,8.975894122005926082e-03,-5.896112152459741240e-03,-1.960270676981607993e-03,-1.350531477793609145e-02,-4.307540317347929512e-03,-7.962806450012456516e-02,-1.284153831747071768e-02,-1.683864469147660367e-03,9.465107471043071249e-03,-1.265617274083766751e-02,-2.065900421583896293e-02,-1.769121495711082487e-02,2.396620143669618563e-02,-1.110867264107392831e-02,-8.764867521130856320e-03,-8.508493820771786259e-03,-6.615776045548465469e-03,-4.877998133173210883e-03,2.199279520142915362e-02,1.304561973919020346e-02,-1.793422038926838491e-01,1.000000000000000222e+00,-2.317199111487914520e-01,-1.216599520806652679e-01,-2.463387446241807610e-01,5.309140762187404550e-02,-1.570352820251316728e-02,6.283686189045933901e-02,9.689336978691152902e-02,-1.374274051219930536e-02,2.914792528422074577e-02,4.509053283912030363e-02,2.653442243391977012e-02,4.058720749793736510e-02,-1.028998168862864243e-01,-6.120907408264094490e-02,-3.964246755870050321e-02,5.444674784657917155e-02,-6.426492984506869920e-03,-7.182125431545673122e-02,3.443804931167921551e-02
3.836482071188016679e-02,8.726643210995538302e-02,-6.855198407041632885e-03,-3.285628439995376144e-03,-4.964920473748339440e-03,-1.253120668740836940e-02,-8.504464404149875145e-02,-9.451508703010552681e-02,-9.296217954664032224e-02,9.912128998152362758e-02,-1.964298206961670804e-02,-1.161517280111434430e-01,-2.080641099573711794e-01,-2.079169561970802549e-01,-1.857745854578510616e-02,-1.794185277687873614e-01,8.366182756593840697e-01,-7.374990097363871844e-02,-1.539742534925420993e-02,-3.187652799550503430e-02,-5.705087074222241206e-02,7.196716201823373515e-02,-1.198669504251125145e-01,-1.250982371371042734e-01,-1.012588705065609190e-01,-2.716680391854399135e-01,-3.917751475326906180e-02,-4.440868385007940011e-02,-4.881033978586727523e-02,-1.568020843174651111e-02,5.806810661106138289e-04,1.337299494676983096e-03,1.731670062699579944e-03,1.940522527430894179e-02,3.366491256594357408e-03,-1.252676121039913819e-02,-7.010552545884190037e-03,-2.555546940022790925e-01,-2.317199111487914520e-01,1.000000000000000444e+00,-3.286420553365611008e-01,-2.316826355172331986e-01,-1.785818861755233411e-01,-2.187129751787675602e-01,-2.296273629270927097e-01,2.024984696529242775e-02,-1.397921626478225432e-01,1.893763102894616135e-01,-1.382626229947327701e-01,-5.922689289007678631e-02,-1.093305148490340273e-01,3.831668563147499346e-02,-6.913000784228216788e-02,7.963247845476324749e-02,-7.651056810092267402e-02,-7.427457638168061260e-02,5.930896423569917419e-02,-8.172864296472832912e-02
4.220759788492850495e-02,-1.401408640970208952e-01,-3.688901511340036358e-03,-9.760810372306102586e-03,-9.781299640124830122e-03,1.237862327372523524e-01,-2.877536579283817078e-02,2.089238064254257954e-01,2.676733453776108385e-01,-1.817143953313274940e-01,2.272645934386320968e-02,-6.313121823561988755e-02,2.090700760557329674e-01,-2.311793265367177996e-01,-3.804433953155374193e-02,-2.615833786426972618e-01,-2.663772248078817850e-01,-7.757379736736798315e-03,2.168199416630874413e-02,5.294916055596387942e-03,7.728068034399689090e-02,1.047272151577540757e-02,2.959628035566538307e-01,1.811547218485167199e-01,1.973779456842041646e-01,4.360972258954590175e-01,3.564674868745865838e-02,4.360168038529575740e-02,4.705973952986895747e-02,-8.534483360926152506e-03,-6.359131672161851857e-03,-1.329993358070042341e-02,-6.350731714398409437e-03,1.172404895256208210e-02,2.373592202916410560e-03,3.404233754657481209e-02,2.728170172629426626e-02,-2.745883277362831110e-01,-1.216599520806652679e-01,-3.286420553365611008e-01,1.000000000000000444e+00,-3.579300719410923870e-01,8.088727235085881040e-02,-9.142676334152458062e-03,-5.122475274837991199e-02,7.410997413512197818e-02,-1.690013143798107242e-01,5.983595786992135061e-03,7.177501819393689031e-02,1.087545892395317682e-01,-1.405891359096235992e-02,-1.143810230761384966e-01,-2.557847173984880568e-02,-7.477965854014649583e-02,1.290621885833147520e-01,2.768710926333911582e-02,-1.378358856509427285e-02,1.221199666826507518e-01
-6.506344693260471268e-02,4.126543664615408419e-02,-4.259536861770969220e-03,-1.072252965227769557e-03,-2.097202128953434570e-03,-5.497721980036270051e-02,1.354409147183507911e-01,-2.278033979556972830e-02,-1.274285523550050259e-01,3.373759859047267134e-02,1.842537239557874018e-01,2.456516059877718872e-01,-2.748592739179238076e-01,-1.692428711274466813e-01,-6.806176862816670781e-02,7.497371213874231000e-01,-1.757685545127284643e-01,4.499770325065138160e-02,-1.887719638248956232e-03,5.839751810180387852e-03,-5.980981523127592431e-02,-5.010224747914125004e-02,-2.295073662547533200e-01,-5.633052487654407331e-02,-8.706697340406244212e-02,-1.535126803946018914e-01,9.784336155912839311e-03,1.956009178635863786e-03,6.050258765091879806e-03,-1.830619955197925223e-03,1.543014938863291989e-02,6.919918023769395035e-03,-6.235638166496148410e-03,-1.146776270838765696e-02,1.590342508002570363e-02,-2.138196281728969167e-02,-4.711352397328777766e-03,-2.434258857329664461e-01,-2.463387446241807610e-01,-2.316826355172331986e-01,-3.579300719410923870e-01,1.000000000000000000e+00,5.871979545447032767e-02,1.373677523781287046e-01,9.517029019098439957e-02,-9.830558246016511681e-02,1.725801929995647299e-01,-1.094804365684910880e-01,2.195214688483969681e-02,2.131237423822603463e-02,4.200811397314985901e-02,1.200656824510734910e-01,1.042329958088686476e-01,3.660469434434561464e-02,-5.399621002391216673e-02,2.366466197892265824e-02,9.713069731668546453e-03,-4.553823981877139215e-02
-5.680429594243965874e-02,1.278794026269400863e-01,-1.799261772880131121e-04,2.565136062272693491e-03,5.498206165957442507e-03,2.034639843121847091e-01,1.152849256374513381e-01,8.046768991215209887e-02,8.205185134290703119e-02,5.976287201040025865e-01,3.860257215684646109e-02,6.042309904295362771e-02,3.442760558602060705e-02,-2.807794989657293530e-02,3.397566629420760431e-02,5.491403793240343112e-02,-1.791944937322133280e-01,3.854729702540770492e-02,9.137597673030337098e-03,2.193487382937914926e-02,-1.820169682810456047e-02,-4.085910987485889129e-02,-6.410575146701139038e-02,1.155680644857912456e-02,3.874264776092575108e-02,6.551486354277874513e-02,5.689247901896005849e-02,6.437929183436236213e-02,7.111462294805166728e-02,-8.127851233104457784e-03,-7.465739410761420419e-03,-7.919370931642414485e-03,-3.718880066365169365e-03,1.049882970230138837e-02,1.511390117939576290e-02,1.242963446617711791e-02,2.013759610512064549e-02,-7.759939716913445695e-03,5.309140762187404550e-02,-1.785818861755233411e-01,8.088727235085881040e-02,5.871979545447032767e-02,1.000000000000000000e+00,3.394362738389691270e-01,4.670631822163834324e-01,2.531814383842324601e-01,4.874814298288096537e-01,1.329401856850611630e-01,6.317486953033908392e-01,2.439838946563662458e-01,5.187726183163466898e-01,-4.431867850294402555e-01,-3.500703030419085038e-01,-2.231908842509213731e-01,1.141227777324359677e-01,3.407462593056528183e-02,-3.758331494351601059e-03,9.106685522837126845e-02
-7.222570150015447665e-02,2.193651033283670893e-02,5.231092398584178587e-04,8.309417691969852660e-04,2.042901416991361758e-03,8.685943213775566829e-02,9.007039405194974813e-02,2.108198644809670605e-02,-2.843351706589244271e-02,1.785371114235176360e-01,8.342040311166673550e-02,7.865136999046533350e-02,-3.790546356113622811e-02,7.360305905476868804e-02,6.703633797500384295e-02,1.301742097978627610e-01,-2.291935449784706369e-01,7.548567534226330311e-02,8.904810499872050852e-03,2.677094218813827475e-02,-1.445642060306367299e-02,-8.449769470553519790e-02,-8.543746439059378417e-02,-2.656825565725373477e-03,9.864059698537661416e-03,1.421836699985547930e-02,6.211864646499174608e-03,7.375336099204812465e-03,6.048702522591023825e-03,-9.748138287462886770e-03,1.969457187962043478e-03,-9.369893884925927744e-05,1.594723558572631655e-03,-1.453505180273760231e-02,1.460078328718061348e-02,1.530331661297099077e-02,2.193095682066504085e-02,1.070992535631305337e-01,-1.570352820251316728e-02,-2.187129751787675602e-01,-9.142676334152458062e-03,1.373677523781287046e-01,3.394362738389691270e-01,9.999999999999996669e-01,5.706668815054991573e-01,-4.719823433613056229e-01,7.278273896609688265e-01,-6.507174017206477368e-01,4.967039360242398449e-01,8.611855566178369670e-02,4.308925704866387596e-01,2.297639066784825657e-01,2.853778499061060958e-01,-4.423752724586776930e-02,2.361994766238679003e-02,2.382662327700959259e-01,-2.871728197019592782e-02,7.189828285025330612e-02
-6.495086321317150579e-02,1.339792028718207184e-01,1.409662956430348592e-05,1.534832886996545954e-03,5.002245735497721536e-03,5.642803497169497640e-02,1.211402875726058093e-01,-4.158214431738974787e-02,7.228969667044012060e-02,3.229291622151997943e-01,5.046550780577543915e-02,6.415516565017460870e-02,2.271975441311883948e-02,8.906008167551865418e-02,1.010277283768788170e-01,8.951825794334228314e-02,-2.472273436746796615e-01,9.913790003978584231e-02,8.054123391671779916e-03,3.302077601504310039e-02,-1.134459420730381946e-02,-1.073782931876346991e-01,-1.105727033180857882e-01,-7.013510837262072750e-03,-4.482258452566867044e-03,-9.309597919278459963e-03,2.193380268020544543e-03,1.980226271085569131e-02,9.908858454992629933e-03,-7.817009068280166006e-03,-2.994699013968389134e-04,-5.110404897696288647e-03,-3.195343746281327762e-03,-1.551549373455234082e-02,2.268010182427582927e-02,2.465435328754797539e-02,3.473005881610794626e-02,1.469315717073171323e-01,6.283686189045933901e-02,-2.296273629270927097e-01,-5.122475274837991199e-02,9.517029019098439957e-02,4.670631822163834324e-01,5.706668815054991573e-01,1.000000000000000222e+00,1.065383776016979589e-01,6.286261017212543267e-01,-3.301252523868019040e-01,3.313263551107843985e-01,-1.070932070848900353e-01,4.733311007605855436e-01,-1.317935509460125554e-01,-1.154216218484675205e-01,-7.266934523263539336e-02,1.099381135006186894e-01,1.364691346236363567e-01,-1.372879446171436923e-01,1.033906262907478418e-01
1.552959362225242272e-02,1.250132694924707688e-01,-8.771672059694066636e-04,1.035720951619145637e-03,2.589503441668822986e-03,3.251500599079840126e-02,1.143276288411350719e-02,2.477163704681544648e-02,1.791669069234739509e-01,2.286554756761074170e-01,-3.796862026019258429e-02,-6.162274312272853979e-03,1.049729386444153562e-01,-7.514416812333056528e-02,-1.974133551106812406e-02,-9.585144634077172321e-02,1.886122211810889113e-02,-2.023520039244798389e-03,-4.648477250881758653e-04,1.882778839132882528e-04,2.112027032407186571e-03,7.287172074284409100e-03,3.378243597618537947e-03,1.713049998041678290e-02,1.341358231016884575e-02,2.928711416786401039e-02,1.307973536405865160e-02,2.123221279194071817e-02,2.096277672161700120e-02,8.675393598178531007e-03,-1.174709325362219108e-02,-1.621547106710394953e-02,-2.279792851324098125e-03,1.344561259578478524e-02,8.054536244271026310e-03,7.432846508986266226e-03,1.133968397929846668e-02,-7.761623700155281802e-02,9.689336978691152902e-02,2.024984696529242775e-02,7.410997413512197818e-02,-9.830558246016511681e-02,2.531814383842324601e-01,-4.719823433613056229e-01,1.065383776016979589e-01,9.999999999999996669e-01,-3.986891082539388287e-01,7.795556150649745053e-01,1.929852598043848844e-01,6.076945918532834084e-02,1.829277962110696376e-01,-3.522420757836305927e-01,-4.784985331779177953e-01,7.055736798029954571e-02,9.022943365557153927e-02,-1.381515911421530851e-01,-5.507120618790962985e-02,5.587241895565386862e-02
-6.658909371966299784e-02,9.895951927468853160e-02,-6.670146968166117433e-04,2.421099693167057081e-03,5.258314858064251640e-03,1.016628385000014761e-01,1.420877088687320100e-01,-2.173355044338920114e-02,-4.345933597745716553e-02,5.788940295047347862e-01,3.535825886333841817e-02,5.032555326039895444e-02,-3.870210040554415698e-02,1.264557190023926914e-01,8.127074386507647519e-02,1.615027823432086951e-01,-1.605596800641557464e-01,8.163523443693235238e-02,3.992018105437885808e-03,2.642892016685838633e-02,-2.964285099566647819e-02,-8.931821833169338587e-02,-1.529271026377316545e-01,-5.984821232715111655e-02,-3.846376684632397264e-02,-1.008427093368204214e-01,2.105071327043599172e-02,2.602205825659346938e-02,2.572362071666413688e-02,-3.687763177715888598e-03,1.065318543306380435e-02,6.398379718457445492e-03,1.252773368071025692e-03,-1.434867076853628062e-02,-1.163492757169670841e-03,-1.724131171637427636e-03,-2.126912847116520060e-03,1.617334888699707429e-01,-1.374274051219930536e-02,-1.397921626478225432e-01,-1.690013143798107242e-01,1.725801929995647299e-01,4.874814298288096537e-01,7.278273896609688265e-01,6.286261017212543267e-01,-3.986891082539388287e-01,1.000000000000000444e+00,-5.309621471190419939e-01,4.127333109623660401e-01,5.077075834753699835e-02,4.510482212581680139e-01,-3.475254636882655485e-02,8.870816984467466693e-02,-1.991616567663300474e-01,-2.419350512692985261e-02,1.444669913659575033e-01,-1.787568525899892874e-02,-3.355925438422665413e-03
3.418563663209670672e-02,1.010525142961160722e-01,-1.657192804559065027e-03,1.244776851057697578e-03,1.708631018943381321e-03,5.981740810678962128e-02,-1.018672405911117372e-02,4.002942431507169191e-02,7.406670459156584896e-02,3.225047712952002765e-01,-7.087335324599530750e-02,-3.187106445731444776e-02,5.099215578157081930e-02,-8.216107397498098597e-02,-6.013604661045078570e-02,-1.140823627160672538e-01,1.928477132599629718e-01,-4.548431209883253834e-02,-8.305469743225834395e-03,-1.624956679522641251e-02,-1.010824664885559207e-02,5.049979377120220742e-02,-1.372012801272092658e-03,-1.066434280269026001e-02,-7.434467354094240199e-03,-3.019185640974341583e-02,1.311063752043122033e-02,1.627526510067939247e-02,1.903347079464879146e-02,8.065873323234641623e-03,-1.335730218693818167e-02,-1.092733257046781155e-02,-5.233639350703832077e-04,2.049399021618485833e-02,-5.700129381084151174e-03,3.298467501753276753e-03,-1.592311467362788127e-03,-1.136819845999414991e-01,2.914792528422074577e-02,1.893763102894616135e-01,5.983595786992135061e-03,-1.094804365684910880e-01,1.329401856850611630e-01,-6.507174017206477368e-01,-3.301252523868019040e-01,7.795556150649745053e-01,-5.309621471190419939e-01,1.000000000000000000e+00,1.456888875954265306e-01,1.945684758505906997e-01,3.568939891569452433e-02,-3.469469328115655782e-01,-4.525219553249381077e-01,2.664432143617375195e-02,-3.933682735089645381e-03,-1.857870734823406367e-01,4.089781486356530021e-02,-2.649505191269013737e-02
-4.961912107862569143e-02,1.351225358606889249e-01,-4.873301580716758231e-04,2.284833031462991937e-03,4.671489009831354504e-03,1.882355167335540425e-01,9.806240440377864132e-02,9.644597656282563602e-02,9.744039958770803200e-02,5.401170166098967496e-01,3.370015331914405499e-02,6.571478354925475163e-02,5.327515670747552667e-02,-2.237898204335619923e-03,1.006160191365305760e-02,1.476120367797426752e-02,-1.454996149810852124e-01,4.063352453814859239e-02,8.192525741197697817e-03,1.922110310736564395e-02,-1.067027655296250502e-02,-4.428648198680385645e-02,-6.841242735984343071e-02,9.913448595090221943e-03,3.064219024447574838e-02,4.370614308522337288e-02,3.380763827741202487e-02,4.242852498701111391e-02,4.394632665776274094e-02,2.688949836208615746e-03,-1.377172990112479796e-02,-7.413033855017995936e-03,-7.546988420863606252e-03,2.150579831156730799e-03,1.248776419553597472e-02,2.527712061872668808e-02,2.791802137232285083e-02,6.286809511289733615e-03,4.509053283912030363e-02,-1.382626229947327701e-01,7.177501819393689031e-02,2.195214688483969681e-02,6.317486953033908392e-01,4.967039360242398449e-01,3.313263551107843985e-01,1.929852598043848844e-01,4.127333109623660401e-01,1.456888875954265306e-01,1.000000000000000222e+00,4.569726973663233993e-01,7.035581335809704129e-01,-2.757049962776528806e-01,-2.322089960309849654e-01,-1.397684770708432778e-01,5.236414985921181153e-02,7.952898675063987954e-02,1.514126764222195089e-02,1.011910703663807531e-01
-2.506853955676323353e-02,-2.614927066533281885e-01,9.193436917165294375e-03,9.035092978987980085e-04,8.380018585914573298e-03,-8.216834448019535997e-02,-7.264793840657776669e-02,-2.468254612293789910e-02,-1.010345386182160375e-02,2.222068671519092098e-01,-1.589012212143776567e-02,-2.070623352485708758e-03,-1.264657362685115555e-02,-5.351456561072207019e-02,-6.043074877092572544e-02,2.487887362443347641e-02,-5.068751329502040048e-02,2.286567112251825309e-02,3.920227224727328846e-03,4.236899208224560558e-03,1.038797377298888687e-03,-2.416322498924186254e-02,6.972485265787691823e-03,1.588429904976383297e-02,2.107074963823878100e-02,5.000400306246822330e-02,2.910161518358409319e-02,-2.418256165158254832e-03,1.842337775135649905e-02,-1.221480604404952784e-03,-5.404072855980567025e-03,-1.552482589340531665e-03,4.012317966668591147e-03,1.420645469111410375e-02,-1.954907233000222413e-02,5.284883997486869781e-03,-9.991240907576880159e-03,-1.040099878339015155e-01,2.653442243391977012e-02,-5.922689289007678631e-02,1.087545892395317682e-01,2.131237423822603463e-02,2.439838946563662458e-01,8.611855566178369670e-02,-1.070932070848900353e-01,6.076945918532834084e-02,5.077075834753699835e-02,1.945684758505906997e-01,4.569726973663233993e-01,9.999999999999981126e-01,9.599855880261510405e-03,-6.357142799164530733e-02,9.127036980842895275e-02,-1.839967672846147262e-01,8.326540260715409661e-03,-1.301484990025251771e-03,1.699142312724236450e-02,1.151229975726511361e-02
-2.166171265995399386e-02,4.157055270891997778e-01,-9.054210186661868290e-03,2.061678444491824372e-03,-2.245411275995767147e-03,2.867330720792415910e-01,1.899224879925562326e-01,1.552324541114982193e-01,1.256591434543403718e-01,4.713826214423585403e-01,6.244034828253144237e-02,6.764139555242726365e-02,7.693935872564924838e-02,1.969674994316728336e-02,2.696898159138925305e-02,2.922516104039385096e-02,-1.211091022273738244e-01,1.863999960087385152e-02,1.066609979387652188e-02,2.261394249206021001e-02,-2.171259412848889139e-02,-1.999046361163773350e-02,-9.796666946705104295e-02,-1.218126570049883096e-02,8.247397358416137109e-03,-5.528036325676837122e-03,5.626033139417490475e-03,3.986851373566070722e-02,2.256219377150283853e-02,6.409255975095807037e-03,-6.945464117213678151e-03,-1.195285672205857394e-02,-1.084174884077454201e-02,-1.056285269983978960e-02,2.597886612086012376e-02,2.609828123094482324e-02,3.817153687548181795e-02,5.327059226145672982e-02,4.058720749793736510e-02,-1.093305148490340273e-01,-1.405891359096235992e-02,4.200811397314985901e-02,5.187726183163466898e-01,4.308925704866387596e-01,4.733311007605855436e-01,1.829277962110696376e-01,4.510482212581680139e-01,3.568939891569452433e-02,7.035581335809704129e-01,9.599855880261510405e-03,1.000000000000001332e+00,-2.687839109497377477e-01,-3.608706184872965683e-01,-5.253468518615337160e-03,5.278964734615790300e-02,7.689793386421615862e-02,-1.713066831874300242e-02,8.296614310496119860e-02
-1.709589503283794748e-02,-1.303748051673338793e-01,1.453088012011310732e-03,-1.371693344004187116e-03,-1.972139338200572939e-03,-1.521458641625353658e-01,-5.822186496021369145e-02,-7.249992913487544877e-02,-1.159764368456490946e-01,-3.245285478742685470e-01,2.111360579422471781e-02,-6.528768545815754470e-03,-1.261141055694264268e-01,5.662113584841740876e-02,4.234523367068874014e-03,1.148336582973485676e-01,2.944742935751440416e-02,1.731203955797216629e-02,-5.720115548703393928e-03,-3.738956499283170674e-03,-4.083714284554717036e-03,-1.859960330045052831e-02,-2.148458295744044497e-02,-2.003129427335573892e-02,-4.760959899902439396e-02,-7.283508871994068268e-02,-4.012766340597406778e-02,-5.377436432721595383e-02,-5.409300154223024848e-02,4.643407555736524619e-04,1.139520823683452463e-02,9.807985462176611186e-03,8.961966648633998972e-03,-9.266946078477547241e-03,-1.547833751683481626e-02,-1.943229939428355035e-02,-2.566112421090425977e-02,4.102648010072437734e-02,-1.028998168862864243e-01,3.831668563147499346e-02,-1.143810230761384966e-01,1.200656824510734910e-01,-4.431867850294402555e-01,2.297639066784825657e-01,-1.317935509460125554e-01,-3.522420757836305927e-01,-3.475254636882655485e-02,-3.469469328115655782e-01,-2.757049962776528806e-01,-6.357142799164530733e-02,-2.687839109497377477e-01,1.000000000000000222e+00,7.488961778498990363e-01,5.801083275084770730e-01,-7.581377527667437777e-02,8.587751581938229961e-02,-6.572889538701542737e-03,-7.559408805729930791e-02
-2.914563609500854871e-02,-4.506025210255664715e-01,9.902346375454862751e-03,-1.213808196338094251e-03,4.318082528372786492e-03,-2.635760812786872576e-01,-1.220706109294721758e-01,-1.365219671192906548e-01,-1.381904399906763725e-01,-2.787843258459437035e-01,-2.655723537066018852e-03,-2.389025346941341110e-02,-1.054237861544439353e-01,6.228279978385169169e-02,5.566025213427728885e-04,1.161224785182732588e-01,-6.938317984817241046e-02,5.031592713167043485e-02,-3.675629205582174684e-03,1.290057952838326305e-03,3.445921258695106362e-03,-5.469888305227012942e-02,1.425826273222796474e-02,-4.458059739747778985e-03,-2.398701857091628184e-02,-2.025270741061377736e-02,-1.139025257215450088e-02,-4.710798840171381147e-02,-2.905212235060945433e-02,1.443081179133850686e-03,1.329574014859294384e-02,1.207257959369288473e-02,7.553352824102429683e-03,-1.031852292998896182e-03,-2.965269677719257688e-02,-2.305975537902319947e-02,-3.851189080870530412e-02,3.922618591313931785e-02,-6.120907408264094490e-02,-6.913000784228216788e-02,-2.557847173984880568e-02,1.042329958088686476e-01,-3.500703030419085038e-01,2.853778499061060958e-01,-1.154216218484675205e-01,-4.784985331779177953e-01,8.870816984467466693e-02,-4.525219553249381077e-01,-2.322089960309849654e-01,9.127036980842895275e-02,-3.608706184872965683e-01,7.488961778498990363e-01,1.000000000000000888e+00,8.055111557562133484e-02,-5.763917255568677678e-02,7.879546016298617783e-02,-1.053056775744959719e-02,-5.839806724317364583e-02
1.142456890264838786e-02,2.258704010650065264e-01,-7.314974395584675389e-03,-7.609244817008445306e-04,-6.707537831958864175e-03,5.494787954893276538e-02,3.915270972518472559e-02,4.264396368860724068e-02,2.725129553215908940e-02,-1.946595558349174526e-01,2.803614729964968438e-02,1.034467252575005554e-02,-1.523578398273098787e-02,-7.708586906549137752e-03,-1.133122892105987815e-02,2.403114081912394867e-02,7.406462647567781110e-02,-2.717152749233907316e-02,-3.478594013681751641e-05,-5.205644286800577801e-03,-6.318211527322808475e-03,2.852342037481234854e-02,-2.297184830459155988e-02,-9.388477902193948996e-03,-2.416796134046985886e-02,-4.669740411872580488e-02,-4.671762330122478796e-02,-2.255746670456332259e-02,-4.374845867743638178e-02,8.134729135495611524e-03,-3.600049457768587165e-04,1.698855683609995634e-03,-6.263035148891864462e-04,-1.238189002579202606e-02,7.978585343574899277e-03,-3.548580187905501452e-03,3.031765568059367408e-03,-8.737815342832293275e-03,-3.964246755870050321e-02,7.963247845476324749e-02,-7.477965854014649583e-02,3.660469434434561464e-02,-2.231908842509213731e-01,-4.423752724586776930e-02,-7.266934523263539336e-02,7.055736798029954571e-02,-1.991616567663300474e-01,2.664432143617375195e-02,-1.397684770708432778e-01,-1.839967672846147262e-01,-5.253468518615337160e-03,5.801083275084770730e-01,8.055111557562133484e-02,1.000000000000001110e+00,-1.578827251161071463e-02,-4.702402005979035467e-04,-1.877364369078415472e-03,-1.744430436679046334e-02
7.724480073290110327e-02,4.483805897659092453e-03,-4.677776883237002442e-03,-5.389246719642817006e-03,-5.859785994324422445e-03,4.394957415540735185e-02,-1.123931590881364039e-02,5.681462538831991843e-02,6.102810377941241676e-02,-4.040619876832737128e-02,1.601399025066800597e-02,2.736036031470181346e-03,4.799797251961432365e-02,-4.444480960371957612e-02,-1.679342642129643889e-02,-4.303065293927412632e-02,-6.211453277029659048e-02,-4.379003586516707833e-03,1.567988923669663345e-02,1.196295703684122601e-02,2.252876548095455317e-02,5.109749235556339426e-03,4.723517867682269777e-02,4.534233667834358661e-02,4.993521883473029527e-02,9.776058783487034942e-02,5.463931661933953826e-03,1.375388071635115506e-02,1.017505411796076203e-02,-9.641676613689694614e-03,-3.977390459572823292e-03,-1.082508750921217476e-02,3.116459331901439301e-03,2.655332585679815675e-04,7.701430983785240332e-03,2.455365304113127714e-02,2.395551296403631431e-02,-4.881246602765940135e-02,5.444674784657917155e-02,-7.651056810092267402e-02,1.290621885833147520e-01,-5.399621002391216673e-02,1.141227777324359677e-01,2.361994766238679003e-02,1.099381135006186894e-01,9.022943365557153927e-02,-2.419350512692985261e-02,-3.933682735089645381e-03,5.236414985921181153e-02,8.326540260715409661e-03,5.278964734615790300e-02,-7.581377527667437777e-02,-5.763917255568677678e-02,-1.578827251161071463e-02,9.999999999999974465e-01,2.321296557680209982e-01,-4.871723052935027498e-01,7.145275893497924358e-01
2.395986292379520457e-04,2.335771928137462053e-02,-2.333439348385240013e-03,-1.650247786785371748e-03,-2.910348577770565433e-03,3.904100488225963755e-02,2.622356614318721926e-02,4.631046925891939975e-02,2.198018668405652201e-02,-1.671838328669240578e-02,3.170530879511741784e-02,3.353639902898905567e-02,-1.193522526277069132e-02,1.429553304682459891e-02,2.443634956413474543e-02,2.683054063429858582e-02,-8.096357112365244746e-02,3.290152656787491414e-02,9.510535176454913697e-03,1.189381858061631242e-02,7.525010067145304453e-03,-2.977126253284655480e-02,-1.071294179436869075e-02,2.497283409458759401e-02,1.894925988229512887e-02,3.567792757024963735e-02,5.701158380779001002e-04,4.789242267432372233e-03,9.303080448922556277e-04,-1.004690002735414769e-02,3.275262117107666151e-03,-1.384477749772142913e-02,-2.120415290600289118e-03,-6.281239497714705480e-03,2.516382115560909100e-02,1.911832361695858448e-02,3.234321809557637317e-02,2.798194235440042490e-02,-6.426492984506869920e-03,-7.427457638168061260e-02,2.768710926333911582e-02,2.366466197892265824e-02,3.407462593056528183e-02,2.382662327700959259e-01,1.364691346236363567e-01,-1.381515911421530851e-01,1.444669913659575033e-01,-1.857870734823406367e-01,7.952898675063987954e-02,-1.301484990025251771e-03,7.689793386421615862e-02,8.587751581938229961e-02,7.879546016298617783e-02,-4.702402005979035467e-04,2.321296557680209982e-01,9.999999999999994449e-01,-2.401121458500178329e-01,4.102052558385692604e-01
-1.469540622107042838e-01,7.135970897701780259e-03,-9.242452096406846007e-03,-8.510904592174109787e-03,-8.572298545171202350e-03,9.443065964278463120e-03,8.961018743252195315e-03,-1.375942597783822580e-02,-2.198165883732075554e-02,2.658557461407462519e-02,-1.099167763772879516e-02,6.860954139614859441e-03,-5.130044404063563435e-02,-2.488254556403448562e-03,1.166903793947949262e-02,7.187642455962461527e-03,5.314498340086894201e-02,8.137412745847340603e-03,6.714385262156273917e-04,4.847448352677880684e-03,-1.106641889902306233e-02,-1.049083614154264384e-02,-1.509608008009291104e-02,-1.683356852128502570e-02,-1.242633282735388332e-02,-2.386539917373260364e-02,2.361379061124527137e-03,-4.934772660110581244e-03,-1.442452734226007567e-03,-2.392703789340481363e-03,1.158356747893254587e-02,8.070563434999965952e-03,4.393799700649721716e-03,9.530173292460666218e-03,-1.994601631496830188e-02,-2.763202728213078399e-02,-3.501520300010237813e-02,1.336704639773324786e-03,-7.182125431545673122e-02,5.930896423569917419e-02,-1.378358856509427285e-02,9.713069731668546453e-03,-3.758331494351601059e-03,-2.871728197019592782e-02,-1.372879446171436923e-01,-5.507120618790962985e-02,-1.787568525899892874e-02,4.089781486356530021e-02,1.514126764222195089e-02,1.699142312724236450e-02,-1.713066831874300242e-02,-6.572889538701542737e-03,-1.053056775744959719e-02,-1.877364369078415472e-03,-4.871723052935027498e-01,-2.401121458500178329e-01,1.000000000000004663e+00,-4.002717868245043720e-01
4.054968016061601122e-02,1.343931583315390033e-02,-4.216564558034951483e-03,-4.391397575680972519e-03,-5.342387153748470209e-03,5.652537067266632381e-02,-6.709372593248584711e-03,6.330674376434526629e-02,5.523136363744406141e-02,-3.695269165342865425e-02,2.353271319888379509e-02,1.796554815018039722e-02,3.239550240862656277e-02,-3.248994708576487256e-02,-3.180816414743239257e-03,-4.220663748741186605e-02,-6.506766651575256188e-02,7.644546350122507702e-03,1.608469082685091978e-02,1.216454318095597231e-02,2.118392927071326842e-02,-6.090603718827414248e-03,3.518784429815878523e-02,5.476948104046026888e-02,5.162800057415763838e-02,9.867075689471355160e-02,5.260867983682091312e-03,8.719741808645500858e-03,6.896541841269002333e-03,-1.028199637818441071e-02,-2.878800567025122104e-03,-1.198875791902119514e-02,-4.450170211881340418e-03,-2.682537269080258538e-03,1.546272470155947432e-02,3.385465128167298998e-02,3.648984941962568618e-02,-2.802294820596656216e-02,3.443804931167921551e-02,-8.172864296472832912e-02,1.221199666826507518e-01,-4.553823981877139215e-02,9.106685522837126845e-02,7.189828285025330612e-02,1.033906262907478418e-01,5.587241895565386862e-02,-3.355925438422665413e-03,-2.649505191269013737e-02,1.011910703663807531e-01,1.151229975726511361e-02,8.296614310496119860e-02,-7.559408805729930791e-02,-5.839806724317364583e-02,-1.744430436679046334e-02,7.145275893497924358e-01,4.102052558385692604e-01,-4.002717868245043720e-01,1.000000000000000000e+00
